{ 
     "title" : "Oh Mummy!",
     "description" : "Get the trasure, get out",
     "version" : "V1.0",     
     "device" : "Arduboy",
     "author" : "MattVic79",
     "url" : "http://www.mattvic79.wordpress.com",
     "genre" : "Action",
     "buttonUp" : "Up",
     "buttonDown" : "Down",
     "buttonLeft" : "Left",
     "buttonRight" : "Right",
     "buttonA" : "Action",
     "buttonB" : "Shoot",
     "date" : "January 2019",
     "idea" : "MattVic79",
     "code" : "MattVic79",
     "art" : "Castpixel",
     "sound" : "None",
     "publisher" : "MattVic79",
}